unit_id,policy_domain,decision_orientation,document_trigger,actors,geography,risk_terms,fiscal_terms,institutional_terms,monetary_expressions,deontic_formulas,policy_domain_status,decision_orientation_status,document_trigger_status,actors_status,geography_status,risk_terms_status,fiscal_terms_status,institutional_terms_status,monetary_expressions_status,deontic_formulas_status,policy_domain_review_status,decision_orientation_review_status,document_trigger_review_status,actors_review_status,geography_review_status,risk_terms_review_status,fiscal_terms_review_status,institutional_terms_review_status,monetary_expressions_review_status,deontic_formulas_review_status
R142_0001,institutional_procedure,prohibit,supplica,,,,,,,non possino,uncertain,uncertain,uncertain,not_checked,not_checked,not_checked,not_checked,not_checked,not_checked,uncertain,pending_expert_validation,pending_expert_validation,pending_expert_validation,not_checked,not_checked,not_checked,not_checked,not_checked,not_checked,pending_expert_validation
R142_0002,,,,,,,,,,,not_checked,not_checked,not_checked,not_checked,not_checked,not_checked,not_checked,not_checked,not_checked,not_checked,not_checked,not_checked,not_checked,not_checked,not_checked,not_checked,not_checked,not_checked,not_checked,not_checked
R142_0003,shipping_navigation,confirm,commission,,Venezia|Lisbona,,datij|datio|ducati,senato|proveditori|rason vecchie,ducati dieci|un ottavo per cento,debba|non possa|sotto pena|stimiamo,uncertain,uncertain,uncertain,not_checked,uncertain,not_checked,uncertain,uncertain,uncertain,uncertain,pending_expert_validation,pending_expert_validation,pending_expert_validation,not_checked,pending_expert_validation,not_checked,pending_expert_validation,pending_expert_validation,pending_expert_validation,pending_expert_validation
R142_0004,,,,,,,,,,,not_checked,not_checked,not_checked,not_checked,not_checked,not_checked,not_checked,not_checked,not_checked,not_checked,not_checked,not_checked,not_checked,not_checked,not_checked,not_checked,not_checked,not_checked,not_checked,not_checked
R142_0005,shipping_navigation,recommend,,,Candia,,,,,stimiamo,uncertain,uncertain,not_checked,not_checked,uncertain,not_checked,not_checked,not_checked,not_checked,uncertain,pending_expert_validation,pending_expert_validation,not_checked,not_checked,pending_expert_validation,not_checked,not_checked,not_checked,not_checked,pending_expert_validation
R142_0006,citizenship_privilege,grant,supplica,,Bergamo,,gravezze|tansa|ducati,senato,"ducati quattro,",debba,uncertain,uncertain,uncertain,not_checked,uncertain,not_checked,uncertain,uncertain,uncertain,uncertain,pending_expert_validation,pending_expert_validation,pending_expert_validation,not_checked,pending_expert_validation,not_checked,pending_expert_validation,pending_expert_validation,pending_expert_validation,pending_expert_validation
R142_0007,minorities_governance,inform,supplica,,,,datij|tansa|tanse,senato,,debba,uncertain,uncertain,uncertain,not_checked,not_checked,not_checked,uncertain,uncertain,not_checked,uncertain,pending_expert_validation,pending_expert_validation,pending_expert_validation,not_checked,not_checked,not_checked,pending_expert_validation,pending_expert_validation,not_checked,pending_expert_validation
R142_0008,taxation_customs,recommend,supplica,,Bergamo|Verona|Padoa,,datij|datio,senato,,stimiamo,uncertain,uncertain,uncertain,not_checked,uncertain,not_checked,uncertain,uncertain,not_checked,uncertain,pending_expert_validation,pending_expert_validation,pending_expert_validation,not_checked,pending_expert_validation,not_checked,pending_expert_validation,pending_expert_validation,not_checked,pending_expert_validation
R142_0009,,,,,Alessandria,,,,,,not_checked,not_checked,not_checked,not_checked,uncertain,not_checked,not_checked,not_checked,not_checked,not_checked,not_checked,not_checked,not_checked,not_checked,pending_expert_validation,not_checked,not_checked,not_checked,not_checked,not_checked
R142_0010,,,,,,,,,,,not_checked,not_checked,not_checked,not_checked,not_checked,not_checked,not_checked,not_checked,not_checked,not_checked,not_checked,not_checked,not_checked,not_checked,not_checked,not_checked,not_checked,not_checked,not_checked,not_checked
R142_0011,shipping_navigation,inform,supplica,,Spalato|Narenta|Ragusi,,,,,,uncertain,uncertain,uncertain,not_checked,uncertain,not_checked,not_checked,not_checked,not_checked,not_checked,pending_expert_validation,pending_expert_validation,pending_expert_validation,not_checked,pending_expert_validation,not_checked,not_checked,not_checked,not_checked,not_checked
R142_0012,taxation_customs,recommend,commission,,,,datio,,,stimiamo,uncertain,uncertain,uncertain,not_checked,not_checked,not_checked,uncertain,not_checked,not_checked,uncertain,pending_expert_validation,pending_expert_validation,pending_expert_validation,not_checked,not_checked,not_checked,pending_expert_validation,not_checked,not_checked,pending_expert_validation
R142_0013,minorities_governance,,supplica,,,,,cattaveri,,non possino,uncertain,not_checked,uncertain,not_checked,not_checked,not_checked,not_checked,uncertain,not_checked,uncertain,pending_expert_validation,not_checked,pending_expert_validation,not_checked,not_checked,not_checked,not_checked,pending_expert_validation,not_checked,pending_expert_validation
R142_0014,shipping_navigation,grant,supplica,,Alessandria|Costantinopoli|Cipro,,datij|datio|tansa|ducati|6 per c,zecca,"ducati 40,|20 per cento",stimiamo|non resti,uncertain,uncertain,uncertain,not_checked,uncertain,not_checked,uncertain,uncertain,uncertain,uncertain,pending_expert_validation,pending_expert_validation,pending_expert_validation,not_checked,pending_expert_validation,not_checked,pending_expert_validation,pending_expert_validation,pending_expert_validation,pending_expert_validation
R142_0015,taxation_customs,,report,,Ragusi,,datij|datio,senato,20 per cento,,uncertain,not_checked,uncertain,not_checked,uncertain,not_checked,uncertain,uncertain,uncertain,not_checked,pending_expert_validation,not_checked,pending_expert_validation,not_checked,pending_expert_validation,not_checked,pending_expert_validation,pending_expert_validation,pending_expert_validation,not_checked
R142_0016,institutional_procedure,grant,letters,,Collogna,,,scansadori,,,uncertain,uncertain,uncertain,not_checked,uncertain,not_checked,not_checked,uncertain,not_checked,not_checked,pending_expert_validation,pending_expert_validation,pending_expert_validation,not_checked,pending_expert_validation,not_checked,not_checked,pending_expert_validation,not_checked,not_checked
R142_0017,institutional_procedure,grant,letters,,Vdine,,,scansadori,l[ire] 116,non possa,uncertain,uncertain,uncertain,not_checked,uncertain,not_checked,not_checked,uncertain,uncertain,uncertain,pending_expert_validation,pending_expert_validation,pending_expert_validation,not_checked,pending_expert_validation,not_checked,not_checked,pending_expert_validation,pending_expert_validation,pending_expert_validation
R142_0018,currency_monetary,,commission,,,,,senato|proveditori|zecca,,stimiamo,uncertain,not_checked,uncertain,not_checked,not_checked,not_checked,not_checked,uncertain,not_checked,uncertain,pending_expert_validation,not_checked,pending_expert_validation,not_checked,not_checked,not_checked,not_checked,pending_expert_validation,not_checked,pending_expert_validation
R142_0019,currency_monetary,regulate,,,,,datij|ducati,senato|collegio|proveditori|zecca,ducati tresento.|lire 12|7 per cento,debba|debbano|non possino|stimiamo,uncertain,uncertain,not_checked,not_checked,not_checked,not_checked,uncertain,uncertain,uncertain,uncertain,pending_expert_validation,pending_expert_validation,not_checked,not_checked,not_checked,not_checked,pending_expert_validation,pending_expert_validation,pending_expert_validation,pending_expert_validation
R142_0020,institutional_procedure,grant,letters,,Padoa,,,senato,L[ire] 10,,uncertain,uncertain,uncertain,not_checked,uncertain,not_checked,not_checked,uncertain,uncertain,not_checked,pending_expert_validation,pending_expert_validation,pending_expert_validation,not_checked,pending_expert_validation,not_checked,not_checked,pending_expert_validation,pending_expert_validation,not_checked
R142_0021,,,,,,,,,,,not_checked,not_checked,not_checked,not_checked,not_checked,not_checked,not_checked,not_checked,not_checked,not_checked,not_checked,not_checked,not_checked,not_checked,not_checked,not_checked,not_checked,not_checked,not_checked,not_checked
R142_0022,citizenship_privilege,,supplica,,Levante|Ponente,,datij|datio|gravezze|tansa|ducati|6 per c,senato,ducati dieci|6 per cento,,uncertain,not_checked,uncertain,not_checked,uncertain,not_checked,uncertain,uncertain,uncertain,not_checked,pending_expert_validation,not_checked,pending_expert_validation,not_checked,pending_expert_validation,not_checked,pending_expert_validation,pending_expert_validation,pending_expert_validation,not_checked
R142_0023,,,,,Rodi,,,,,,not_checked,not_checked,not_checked,not_checked,uncertain,not_checked,not_checked,not_checked,not_checked,not_checked,not_checked,not_checked,not_checked,not_checked,pending_expert_validation,not_checked,not_checked,not_checked,not_checked,not_checked
R142_0024,institutional_procedure,confirm,,,Padova,,,,,,uncertain,uncertain,not_checked,not_checked,uncertain,not_checked,not_checked,not_checked,not_checked,not_checked,pending_expert_validation,pending_expert_validation,not_checked,not_checked,pending_expert_validation,not_checked,not_checked,not_checked,not_checked,not_checked
R142_0025,citizenship_privilege,recommend,commission,,,,,,,stimiamo,uncertain,uncertain,uncertain,not_checked,not_checked,not_checked,not_checked,not_checked,not_checked,uncertain,pending_expert_validation,pending_expert_validation,pending_expert_validation,not_checked,not_checked,not_checked,not_checked,not_checked,not_checked,pending_expert_validation
R142_0026,,,,,,,,,,,not_checked,not_checked,not_checked,not_checked,not_checked,not_checked,not_checked,not_checked,not_checked,not_checked,not_checked,not_checked,not_checked,not_checked,not_checked,not_checked,not_checked,not_checked,not_checked,not_checked
R142_0027,trade_regulation,,commission,,Costantinopoli,,,senato,,debba|debbano|non possino|sia prohibito,uncertain,not_checked,uncertain,not_checked,uncertain,not_checked,not_checked,uncertain,not_checked,uncertain,pending_expert_validation,not_checked,pending_expert_validation,not_checked,pending_expert_validation,not_checked,not_checked,pending_expert_validation,not_checked,pending_expert_validation
R142_0028,shipping_navigation,,commission,,Candia|Levante|Zante,,datij,,,debba|debbano|non possino,uncertain,not_checked,uncertain,not_checked,uncertain,not_checked,uncertain,not_checked,not_checked,uncertain,pending_expert_validation,not_checked,pending_expert_validation,not_checked,pending_expert_validation,not_checked,pending_expert_validation,not_checked,not_checked,pending_expert_validation
R142_0029,taxation_customs,inform,supplica,,,,datio,,,,uncertain,uncertain,uncertain,not_checked,not_checked,not_checked,uncertain,not_checked,not_checked,not_checked,pending_expert_validation,pending_expert_validation,pending_expert_validation,not_checked,not_checked,not_checked,pending_expert_validation,not_checked,not_checked,not_checked
R142_0030,trade_regulation,,report,,Ponente|Zante|Ferrara,,,senato|collegio,,debba,uncertain,not_checked,uncertain,not_checked,uncertain,not_checked,not_checked,uncertain,not_checked,uncertain,pending_expert_validation,not_checked,pending_expert_validation,not_checked,pending_expert_validation,not_checked,not_checked,pending_expert_validation,not_checked,pending_expert_validation
R142_0031,consular_affairs,,supplica,,Verona|Rovigo,,datio,,,,uncertain,not_checked,uncertain,not_checked,uncertain,not_checked,uncertain,not_checked,not_checked,not_checked,pending_expert_validation,not_checked,pending_expert_validation,not_checked,pending_expert_validation,not_checked,pending_expert_validation,not_checked,not_checked,not_checked
R142_0032,taxation_customs,regulate,supplica,,,,datij|datio|ducati,,ducati 400,debba,uncertain,uncertain,uncertain,not_checked,not_checked,not_checked,uncertain,not_checked,uncertain,uncertain,pending_expert_validation,pending_expert_validation,pending_expert_validation,not_checked,not_checked,not_checked,pending_expert_validation,not_checked,pending_expert_validation,pending_expert_validation
R142_0033,citizenship_privilege,,,,,,,,,,uncertain,not_checked,not_checked,not_checked,not_checked,not_checked,not_checked,not_checked,not_checked,not_checked,pending_expert_validation,not_checked,not_checked,not_checked,not_checked,not_checked,not_checked,not_checked,not_checked,not_checked
R142_0034,consular_affairs,recommend,supplica,,Levante,,,senato,,debba|stimiamo,uncertain,uncertain,uncertain,not_checked,uncertain,not_checked,not_checked,uncertain,not_checked,uncertain,pending_expert_validation,pending_expert_validation,pending_expert_validation,not_checked,pending_expert_validation,not_checked,not_checked,pending_expert_validation,not_checked,pending_expert_validation
R142_0035,taxation_customs,inform,,,Levante,,datij|datio|gravezze|sei per cento|6 per c,,6 per cento,stimiamo,uncertain,uncertain,not_checked,not_checked,uncertain,not_checked,uncertain,not_checked,uncertain,uncertain,pending_expert_validation,pending_expert_validation,not_checked,not_checked,pending_expert_validation,not_checked,pending_expert_validation,not_checked,pending_expert_validation,pending_expert_validation
R142_0036,,,,,,,,,,,not_checked,not_checked,not_checked,not_checked,not_checked,not_checked,not_checked,not_checked,not_checked,not_checked,not_checked,not_checked,not_checked,not_checked,not_checked,not_checked,not_checked,not_checked,not_checked,not_checked
R142_0037,institutional_procedure,grant,supplica,,,,,x officij,,debba|debbano,uncertain,uncertain,uncertain,not_checked,not_checked,not_checked,not_checked,uncertain,not_checked,uncertain,pending_expert_validation,pending_expert_validation,pending_expert_validation,not_checked,not_checked,not_checked,not_checked,pending_expert_validation,not_checked,pending_expert_validation
R142_0038,citizenship_privilege,,,,,,datij,,,,uncertain,not_checked,not_checked,not_checked,not_checked,not_checked,uncertain,not_checked,not_checked,not_checked,pending_expert_validation,not_checked,not_checked,not_checked,not_checked,not_checked,pending_expert_validation,not_checked,not_checked,not_checked
R142_0039,manufactures,grant,supplica,,Bergamo,,datij,proveditori,,,uncertain,uncertain,uncertain,not_checked,uncertain,not_checked,uncertain,uncertain,not_checked,not_checked,pending_expert_validation,pending_expert_validation,pending_expert_validation,not_checked,pending_expert_validation,not_checked,pending_expert_validation,pending_expert_validation,not_checked,not_checked
R142_0040,currency_monetary,,,,,,ducati,senato,ducati statuita|lire 10,debba|debbano,uncertain,not_checked,not_checked,not_checked,not_checked,not_checked,uncertain,uncertain,uncertain,uncertain,pending_expert_validation,not_checked,not_checked,not_checked,not_checked,not_checked,pending_expert_validation,pending_expert_validation,pending_expert_validation,pending_expert_validation
R142_0041,currency_monetary,prohibit,,,,,datij,senato,,raccordar,uncertain,uncertain,not_checked,not_checked,not_checked,not_checked,uncertain,uncertain,not_checked,uncertain,pending_expert_validation,pending_expert_validation,not_checked,not_checked,not_checked,not_checked,pending_expert_validation,pending_expert_validation,not_checked,pending_expert_validation
R142_0042,currency_monetary,recommend,commission,,Roma,,datij,senato,,debba|stimiamo|raccordar,uncertain,uncertain,uncertain,not_checked,uncertain,not_checked,uncertain,uncertain,not_checked,uncertain,pending_expert_validation,pending_expert_validation,pending_expert_validation,not_checked,pending_expert_validation,not_checked,pending_expert_validation,pending_expert_validation,not_checked,pending_expert_validation
R142_0043,manufactures,regulate,,,Spalato,,,provveditori,,,uncertain,uncertain,not_checked,not_checked,uncertain,not_checked,not_checked,uncertain,not_checked,not_checked,pending_expert_validation,pending_expert_validation,not_checked,not_checked,pending_expert_validation,not_checked,not_checked,pending_expert_validation,not_checked,not_checked
R142_0044,taxation_customs,,supplica,,Alessandria|Corfù|Ragusi,,datio|ducati|sei per cento,senato|governatori delle intrade,ducati 19.m,,uncertain,not_checked,uncertain,not_checked,uncertain,not_checked,uncertain,uncertain,uncertain,not_checked,pending_expert_validation,not_checked,pending_expert_validation,not_checked,pending_expert_validation,not_checked,pending_expert_validation,pending_expert_validation,pending_expert_validation,not_checked
R142_0045,currency_monetary,regulate,supplica,,Cipro|Levante,,datij,,,stimiamo,uncertain,uncertain,uncertain,not_checked,uncertain,not_checked,uncertain,not_checked,not_checked,uncertain,pending_expert_validation,pending_expert_validation,pending_expert_validation,not_checked,pending_expert_validation,not_checked,pending_expert_validation,not_checked,not_checked,pending_expert_validation
R142_0046,manufactures,,supplica,,,,,senato,,,uncertain,not_checked,uncertain,not_checked,not_checked,not_checked,not_checked,uncertain,not_checked,not_checked,pending_expert_validation,not_checked,pending_expert_validation,not_checked,not_checked,not_checked,not_checked,pending_expert_validation,not_checked,not_checked
R142_0047,manufactures,,report,,Verona|Levante,,datij|datio|gravezze|ducati,senato,ducati 2,debba|stimiamo,uncertain,not_checked,uncertain,not_checked,uncertain,not_checked,uncertain,uncertain,uncertain,uncertain,pending_expert_validation,not_checked,pending_expert_validation,not_checked,pending_expert_validation,not_checked,pending_expert_validation,pending_expert_validation,pending_expert_validation,pending_expert_validation
R142_0048,taxation_customs,recommend,supplica,,Verona|Levante|Napoli,,datij|datio|sei per cento,senato|proveditori|provveditori,ducato et|14 per c°,non possino|stimiamo,uncertain,uncertain,uncertain,not_checked,uncertain,not_checked,uncertain,uncertain,uncertain,uncertain,pending_expert_validation,pending_expert_validation,pending_expert_validation,not_checked,pending_expert_validation,not_checked,pending_expert_validation,pending_expert_validation,pending_expert_validation,pending_expert_validation
R142_0049,currency_monetary,,commission,,Ponente,,,senato|zecca,20 per cento,stimiamo|sia tenuto,uncertain,not_checked,uncertain,not_checked,uncertain,not_checked,not_checked,uncertain,uncertain,uncertain,pending_expert_validation,not_checked,pending_expert_validation,not_checked,pending_expert_validation,not_checked,not_checked,pending_expert_validation,pending_expert_validation,pending_expert_validation
R142_0050,shipping_navigation,prohibit,commission,,Candia|Alessandria|Cipro|Levante|Napoli,,datij|datio|ducati|cottimo,senato,ducati di,non possino|giudichiamo,uncertain,uncertain,uncertain,not_checked,uncertain,not_checked,uncertain,uncertain,uncertain,uncertain,pending_expert_validation,pending_expert_validation,pending_expert_validation,not_checked,pending_expert_validation,not_checked,pending_expert_validation,pending_expert_validation,pending_expert_validation,pending_expert_validation
R142_0051,institutional_procedure,grant,supplica,,Cipro,,,senato|x officij,,stimiamo,uncertain,uncertain,uncertain,not_checked,uncertain,not_checked,not_checked,uncertain,not_checked,uncertain,pending_expert_validation,pending_expert_validation,pending_expert_validation,not_checked,pending_expert_validation,not_checked,not_checked,pending_expert_validation,not_checked,pending_expert_validation
R142_0052,trade_regulation,,,,Spalato,,,senato|collegio,,,uncertain,not_checked,not_checked,not_checked,uncertain,not_checked,not_checked,uncertain,not_checked,not_checked,pending_expert_validation,not_checked,not_checked,not_checked,pending_expert_validation,not_checked,not_checked,pending_expert_validation,not_checked,not_checked
R142_0053,minorities_governance,,commission,,Spalato,,datij|datio|sei per cento,senato|collegio|cattaveri,,stimiamo|raccordar,uncertain,not_checked,uncertain,not_checked,uncertain,not_checked,uncertain,uncertain,not_checked,uncertain,pending_expert_validation,not_checked,pending_expert_validation,not_checked,pending_expert_validation,not_checked,pending_expert_validation,pending_expert_validation,not_checked,pending_expert_validation
R142_0054,taxation_customs,,,,Venezia,,datij|gravezze|decima|ducati,,ducati pagati,,uncertain,not_checked,not_checked,not_checked,uncertain,not_checked,uncertain,not_checked,uncertain,not_checked,pending_expert_validation,not_checked,not_checked,not_checked,pending_expert_validation,not_checked,pending_expert_validation,not_checked,pending_expert_validation,not_checked
R142_0055,minorities_governance,,supplica,,,,datij,senato|cattaveri,,,uncertain,not_checked,uncertain,not_checked,not_checked,not_checked,uncertain,uncertain,not_checked,not_checked,pending_expert_validation,not_checked,pending_expert_validation,not_checked,not_checked,not_checked,pending_expert_validation,pending_expert_validation,not_checked,not_checked
R142_0056,trade_regulation,recommend,,,,,,,,raccordar,uncertain,uncertain,not_checked,not_checked,not_checked,not_checked,not_checked,not_checked,not_checked,uncertain,pending_expert_validation,pending_expert_validation,not_checked,not_checked,not_checked,not_checked,not_checked,not_checked,not_checked,pending_expert_validation
R142_0057,trade_regulation,prohibit,,,,,,,,non possa|consigliamo|raccordar,uncertain,uncertain,not_checked,not_checked,not_checked,not_checked,not_checked,not_checked,not_checked,uncertain,pending_expert_validation,pending_expert_validation,not_checked,not_checked,not_checked,not_checked,not_checked,not_checked,not_checked,pending_expert_validation
R142_0058,taxation_customs,,,,Venezia,,gravezze|tansa,,,,uncertain,not_checked,not_checked,not_checked,uncertain,not_checked,uncertain,not_checked,not_checked,not_checked,pending_expert_validation,not_checked,not_checked,not_checked,pending_expert_validation,not_checked,pending_expert_validation,not_checked,not_checked,not_checked
R142_0059,shipping_navigation,,supplica,,Ponente,,datio,senato,,,uncertain,not_checked,uncertain,not_checked,uncertain,not_checked,uncertain,uncertain,not_checked,not_checked,pending_expert_validation,not_checked,pending_expert_validation,not_checked,pending_expert_validation,not_checked,pending_expert_validation,pending_expert_validation,not_checked,not_checked
R142_0060,taxation_customs,recommend,supplica,,Alessandria,,cottimo,proveditori,,stimiamo,uncertain,uncertain,uncertain,not_checked,uncertain,not_checked,uncertain,uncertain,not_checked,uncertain,pending_expert_validation,pending_expert_validation,pending_expert_validation,not_checked,pending_expert_validation,not_checked,pending_expert_validation,pending_expert_validation,not_checked,pending_expert_validation
R142_0061,credit_bankruptcy,,,,Levante|Ponente,,ducati,,ducati [è,,uncertain,not_checked,not_checked,not_checked,uncertain,not_checked,uncertain,not_checked,uncertain,not_checked,pending_expert_validation,not_checked,not_checked,not_checked,pending_expert_validation,not_checked,pending_expert_validation,not_checked,pending_expert_validation,not_checked
R142_0062,taxation_customs,regulate,commission,,,,datij|datio|sei per cento,collegio,10 per cento,debba,uncertain,uncertain,uncertain,not_checked,not_checked,not_checked,uncertain,uncertain,uncertain,uncertain,pending_expert_validation,pending_expert_validation,pending_expert_validation,not_checked,not_checked,not_checked,pending_expert_validation,pending_expert_validation,pending_expert_validation,pending_expert_validation
R142_0063,citizenship_privilege,,report,,Levante|Ponente|Spalato,,datij|gravezze|cottimo,,,stimiamo,uncertain,not_checked,uncertain,not_checked,uncertain,not_checked,uncertain,not_checked,not_checked,uncertain,pending_expert_validation,not_checked,pending_expert_validation,not_checked,pending_expert_validation,not_checked,pending_expert_validation,not_checked,not_checked,pending_expert_validation
R142_0064,credit_bankruptcy,regulate,,,,,ducati,avogaria,ducati mille,debba|debbano|non possa|stimiamo,uncertain,uncertain,not_checked,not_checked,not_checked,not_checked,uncertain,uncertain,uncertain,uncertain,pending_expert_validation,pending_expert_validation,not_checked,not_checked,not_checked,not_checked,pending_expert_validation,pending_expert_validation,pending_expert_validation,pending_expert_validation
